{
  "checks": [
    {
      "desc": "glyph 🝞 present (anchor)",
      "ok": true
    },
    {
      "desc": "glyph 🜂 present (pipeline-start)",
      "ok": true
    },
    {
      "desc": "glyph 🜍 present (drift-adapt)",
      "ok": true
    },
    {
      "desc": "glyph 🜏 present (verify)",
      "ok": true
    },
    {
      "desc": "spec declares filesystem cap (🗄)",
      "ok": true
    },
    {
      "desc": "recovery semantics present (⏚)",
      "ok": true
    },
    {
      "desc": "pipeline.py matches fresh compile (no unauthorized drift)",
      "ok": true
    },
    {
      "desc": "exposes run(path, expected=...)",
      "ok": true
    }
  ],
  "ok": true
}